﻿<?xml version="1.0" encoding="UTF-8"?>
<!--                                                                                    -->
<!-- Terms of use of fingerprint data:                                                  -->
<!-- You are welcome to use the fingerprint data provided as long as you:               -->
<!-- 1.  Notify the author of this file of your intentions, email to xnih@cableone.net  -->
<!-- 2.  Somewhere in your documentation you provide a link to Satori:                  -->
<!--     http://myweb.cableone.net/xnih                                                 -->
<!--                                                                                    -->
<!-- If you are using this for your own programs it is highly recommended you           -->
<!-- contribute new fingerprints                                                        -->
<!--                                                                                    -->
<!-- Updates can be found at:                                                           -->
<!-- http://chatteronthewire.org/download/updates/satori/fingerprints/[filename]        -->
<!-- example:                                                                           -->
<!-- http://chatteronthewire.org/download/updates/satori/fingerprints/dhcp.xml          -->
<!--                                                                                    -->
<!--                                                                                    -->
<TCP created="2005-08-21" last_updated="2013-05-27" author="xnih13@gmail.com" last_edited_by="xnih13@gmail.com" last_edited_with="Fingerprint Editor">
    <fingerprints>
        <fingerprint name="AIX 5.2" os_name="AIX 5.2" os_class="Unix" os_vendor="IBM Corp." os_url="http://www.ibm.com/aix" device_type="" device_vendor="" device_url="" comments="" author="xnih13@gmail.com" last_updated="2009-02-17">
            <tcp_tests>
                <test weight="5" matchtype="partial" tcpflag="S" tcpsig="65535:60:*:44:M1380:."/>
                <test weight="5" matchtype="exact" tcpflag="S" tcpsig="16384:60:1:44:M1380:."/>
            </tcp_tests>
        </fingerprint>
        <fingerprint name="Android 4.1" os_name="Android 4.1" os_class="Android" os_vendor="Android" os_url="http://www.android.com" device_type="Smartphone" device_vendor="" device_url="" comments="" author="xnih13@gmail.com" last_updated="2013-05-27">
            <tcp_tests>
                <test weight="5" matchtype="exact" tcpflag="S" tcpsig="13880:60:1:60:M1380,S,T,N,W4:."/>
            </tcp_tests>
        </fingerprint>
        <fingerprint name="Anonym.OS" os_name="OpenBSD 3.8" os_class="OpenBSD" os_vendor="OpenBSD" os_url="http://sourceforge.net/projects/anonym-os" device_type="" device_vendor="" device_url="" comments="" author="xnih13@gmail.com" last_updated="2009-03-03">
            <tcp_tests>
                <test weight="5" matchtype="exact" tcpflag="S" tcpsig="32767:255:1:64:M1460,N,N,S,N,W0,N,N,T:."/>
            </tcp_tests>
        </fingerprint>
        <fingerprint name="Apple TV" os_name="Apple TV" os_class="Apple TV OS" os_vendor="Apple" os_url="http://www.apple.com/appletv/" device_type="" device_vendor="" device_url="" comments="" author="xnih13@gmail.com" last_updated="2010-07-11">
            <tcp_tests>
                <test weight="5" matchtype="exact" tcpflag="S" tcpsig="65535:64:1:64:M1460,N,W0,N,N,T,S,E:."/>
            </tcp_tests>
        </fingerprint>
        <fingerprint name="Big-IP Load Balancer 1500" os_name="" os_class="" os_vendor="" os_url="" device_type="Load Balancer" device_vendor="F5" device_url="http://www.f5.com" comments="" author="xnih13@gmail.com" last_updated="2010-07-11">
            <tcp_tests>
                <test weight="5" matchtype="exact" tcpflag="SA" tcpsig="3780:255:1:48:M1380,S,E:A"/>
                <test weight="5" matchtype="exact" tcpflag="SA" tcpsig="4380:255:1:48:M1460,S,E:A"/>
            </tcp_tests>
        </fingerprint>
        <fingerprint name="Big-IP Load Balancer D39" os_name="" os_class="" os_vendor="" os_url="" device_type="Load Balancer" device_vendor="F5" device_url="http://www.f5.com" comments="" author="xnih13@gmail.com" last_updated="2010-07-11">
            <tcp_tests>
                <test weight="5" matchtype="exact" tcpflag="SA" tcpsig="16560:64:1:44:M1380:A"/>
            </tcp_tests>
        </fingerprint>
        <fingerprint name="Brother MFC 7820N" os_name="" os_class="" os_vendor="" os_url="" device_type="Printer" device_vendor="Brother Industries, Ltd." device_url="http://www.brother.com/" comments="" author="xnih13@gmail.com" last_updated="2010-07-11">
            <tcp_tests>
                <test weight="5" matchtype="exact" tcpflag="SA" tcpsig="4096:60:0:44:M1260:A"/>
            </tcp_tests>
        </fingerprint>
        <fingerprint name="Cisco 7905 IP Phone" os_name="" os_class="" os_vendor="" os_url="" device_type="VoIP Phone" device_vendor="Cisco Systems, Inc." device_url="http://www.cisco.com" comments="" author="xnih13@gmail.com" last_updated="2009-09-17">
            <tcp_tests>
                <test weight="5" matchtype="exact" tcpflag="SA" tcpsig="1400:255:0:44:M1456:A"/>
            </tcp_tests>
        </fingerprint>
        <fingerprint name="Cisco 7910 IP Phone" os_name="" os_class="" os_vendor="" os_url="" device_type="VoIP Phone" device_vendor="Cisco Systems, Inc." device_url="http://www.cisco.com" comments="" author="xnih13@gmail.com" last_updated="2009-09-17">
            <tcp_tests>
                <test weight="5" matchtype="exact" tcpflag="SA" tcpsig="1400:64:0:44:M1400:A"/>
            </tcp_tests>
        </fingerprint>
        <fingerprint name="Cisco 7911G IP Phone" os_name="" os_class="" os_vendor="" os_url="" device_type="VoIP Phone" device_vendor="Cisco Systems, Inc." device_url="http://www.cisco.com" comments="" author="xnih13@gmail.com" last_updated="2009-09-17">
            <tcp_tests>
                <test weight="5" matchtype="exact" tcpflag="SA" tcpsig="8192:32:0:44:M1400:A"/>
            </tcp_tests>
        </fingerprint>
        <fingerprint name="Cisco 7912 IP Phone" os_name="" os_class="" os_vendor="" os_url="" device_type="VoIP Phone" device_vendor="Cisco Systems, Inc." device_url="http://www.cisco.com" comments="" author="xnih13@gmail.com" last_updated="2009-09-17">
            <tcp_tests>
                <test weight="5" matchtype="exact" tcpflag="SA" tcpsig="1400:255:0:44:M1456:A"/>
            </tcp_tests>
        </fingerprint>
        <fingerprint name="Cisco 7960x IP Phone" os_name="" os_class="" os_vendor="" os_url="" device_type="VoIP Phone" device_vendor="Cisco Systems, Inc." device_url="http://www.cisco.com" comments="" author="xnih13@gmail.com" last_updated="2009-09-17">
            <tcp_tests>
                <test weight="5" matchtype="exact" tcpflag="SA" tcpsig="1400:64:0:44:M1400:A"/>
            </tcp_tests>
        </fingerprint>
        <fingerprint name="Cisco 7961G IP Phone" os_name="" os_class="" os_vendor="" os_url="" device_type="VoIP Phone" device_vendor="Cisco Systems, Inc." device_url="http://www.cisco.com" comments="" author="xnih13@gmail.com" last_updated="2009-09-17">
            <tcp_tests>
                <test weight="5" matchtype="exact" tcpflag="SA" tcpsig="8192:32:0:44:M1400:A"/>
            </tcp_tests>
        </fingerprint>
        <fingerprint name="Cisco Ace" os_name="" os_class="" os_vendor="" os_url="" device_type="Load Balancer" device_vendor="Cisco Systems, Inc." device_url="http://www.cisco.com" comments="" author="xnih13@gmail.com" last_updated="2012-02-11">
            <tcp_tests>
                <test weight="5" matchtype="exact" tcpflag="SA" tcpsig="32768:255:0:44:M1380:A"/>
            </tcp_tests>
        </fingerprint>
        <fingerprint name="Cisco IP Phone" os_name="" os_class="" os_vendor="" os_url="" device_type="VoIP Phone" device_vendor="Cisco Systems, Inc." device_url="http://www.cisco.com" comments="" author="xnih13@gmail.com" last_updated="2009-02-15">
            <tcp_tests>
                <test weight="5" matchtype="exact" tcpflag="SA" tcpsig="65535:128:0:44:M1460:A"/>
                <test weight="5" matchtype="exact" tcpflag="SA" tcpsig="65535:128:0:48:M1460,N,N,S:A"/>
                <test weight="5" matchtype="exact" tcpflag="SA" tcpsig="17520:128:1:52:M1460,N,W0,N,N,S:A"/>
                <test weight="5" matchtype="exact" tcpflag="S" tcpsig="65535:128:0:48:M1460,N,N,S:."/>
                <test weight="5" matchtype="exact" tcpflag="S" tcpsig="1400:64:0:44:M1400:."/>
            </tcp_tests>
        </fingerprint>
        <fingerprint name="Cisco Router IOS 12.4" os_name="" os_class="" os_vendor="" os_url="" device_type="Router" device_vendor="Cisco Systems, Inc." device_url="http://www.cisco.com" comments="" author="xnih13@gmail.com" last_updated="2009-09-13">
            <tcp_tests>
                <test weight="5" matchtype="exact" tcpflag="SA" tcpsig="4128:255:0:44:M536:A"/>
                <test weight="5" matchtype="exact" tcpflag="SA" tcpsig="4128:255:0:44:M1460:A"/>
            </tcp_tests>
        </fingerprint>
        <fingerprint name="Debian 3.1" os_name="Linux 2.6" os_class="Linux" os_vendor="Debian" os_url="http://www.debian.org" device_type="" device_vendor="" device_url="" comments="" author="xnih13@gmail.com" last_updated="2009-03-03">
            <tcp_tests>
                <test weight="5" matchtype="exact" tcpflag="S" tcpsig="5840:64:1:60:M1460,S,T,N,W0:."/>
            </tcp_tests>
        </fingerprint>
        <fingerprint name="ESX 2.x" os_name="ESX 2.x" os_class="Linux" os_vendor="VMware, Inc." os_url="http://www.vmware.com" device_type="" device_vendor="" device_url="" comments="may just be generic linux fingerprint, not esx, need more tests" author="xnih13@gmail.com" last_updated="2008-10-20">
            <tcp_tests>
                <test weight="5" matchtype="exact" tcpflag="SA" tcpsig="5840:64:1:48:M1460,N,N,S:A"/>
            </tcp_tests>
        </fingerprint>
        <fingerprint name="ESX 3.0" os_name="ESX 3.0" os_class="Linux" os_vendor="VMware, Inc." os_url="http://www.vmware.com" device_type="" device_vendor="" device_url="" comments="may just be generic linux fingerprint, not esx, need more tests" author="xnih13@gmail.com" last_updated="2008-10-20">
            <tcp_tests>
                <test weight="5" matchtype="exact" tcpflag="SA" tcpsig="5840:64:1:48:M1460,N,N,S:A"/>
                <test weight="5" matchtype="exact" tcpflag="SA" tcpsig="65535:64:1:44:M1460:A"/>
            </tcp_tests>
        </fingerprint>
        <fingerprint name="ESX 3.5" os_name="ESX 3.5" os_class="Linux" os_vendor="VMware, Inc." os_url="http://www.vmware.com" device_type="" device_vendor="" device_url="" comments="may just be generic linux fingerprint, not esx, need more tests" author="xnih13@gmail.com" last_updated="2009-10-14">
            <tcp_tests>
                <test weight="5" matchtype="exact" tcpflag="SA" tcpsig="5840:64:1:52:M1460,N,N,S,N,W0:ZA"/>
                <test weight="5" matchtype="exact" tcpflag="SA" tcpsig="65535:64:1:48:M1460,N,W1:ZA"/>
                <test weight="5" matchtype="exact" tcpflag="SA" tcpsig="65535:64:1:44:M1460:ZA"/>
            </tcp_tests>
        </fingerprint>
        <fingerprint name="FreeBSD" os_name="FreeBSD" os_class="FreeBSD" os_vendor="FreeBSD" os_url="http://www.freebsd.org" device_type="" device_vendor="" device_url="" comments="unknown version" author="xnih13@gmail.com" last_updated="2009-03-03">
            <tcp_tests>
                <test weight="5" matchtype="exact" tcpflag="SA" tcpsig="57344:64:1:60:M1460,N,W0,N,N,T:AT"/>
                <test weight="5" matchtype="exact" tcpflag="SA" tcpsig="57344:64:1:44:M1460:A"/>
                <test weight="5" matchtype="exact" tcpflag="S" tcpsig="65535:64:1:60:M1460,N,W1,N,N,T:Z"/>
                <test weight="5" matchtype="exact" tcpflag="S" tcpsig="65535:64:1:60:M1460,N,W1,N,N,T:."/>
                <test weight="5" matchtype="exact" tcpflag="S" tcpsig="65535:64:1:44:M1460:."/>
                <test weight="5" matchtype="exact" tcpflag="S" tcpsig="57344:64:1:60:M1460,N,W0,N,N,T:."/>
            </tcp_tests>
        </fingerprint>
        <fingerprint name="FreeBSD 3.4" os_name="FreeBSD 3.4" os_class="FreeBSD" os_vendor="FreeBSD" os_url="http://www.freebsd.org" device_type="" device_vendor="" device_url="" comments="" author="xnih13@gmail.com" last_updated="2009-03-03">
            <tcp_tests>
                <test weight="5" matchtype="exact" tcpflag="SA" tcpsig="17520:64:1:44:M1460:A"/>
                <test weight="5" matchtype="exact" tcpflag="SA" tcpsig="16430:64:1:44:M1460:A"/>
                <test weight="5" matchtype="exact" tcpflag="SA" tcpsig="16384:64:1:44:M1460:A"/>
                <test weight="5" matchtype="exact" tcpflag="S" tcpsig="17520:64:1:44:M1460:."/>
                <test weight="5" matchtype="exact" tcpflag="S" tcpsig="16992:64:1:44:M1460:."/>
                <test weight="5" matchtype="exact" tcpflag="S" tcpsig="16384:64:1:44:M1460:."/>
                <test weight="5" matchtype="exact" tcpflag="S" tcpsig="16384:64:1:44:M1460:Z"/>
                <test weight="5" matchtype="exact" tcpflag="S" tcpsig="3072:60:0:60:W10,N,M265,T,E:."/>
                <test weight="5" matchtype="exact" tcpflag="S" tcpsig="2048:60:0:60:W10,N,M265,T,E:."/>
            </tcp_tests>
        </fingerprint>
        <fingerprint name="FreeBSD 4.2 thru 4" os_name="FreeBSD 4" os_class="FreeBSD" os_vendor="FreeBSD" os_url="http://www.freebsd.org" device_type="" device_vendor="" device_url="" comments="" author="xnih13@gmail.com" last_updated="2009-03-03">
            <tcp_tests>
                <test weight="5" matchtype="exact" tcpflag="SA" tcpsig="65535:60:1:44:M1460:A"/>
                <test weight="5" matchtype="exact" tcpflag="SA" tcpsig="65535:64:1:44:M1460:A"/>
                <test weight="5" matchtype="exact" tcpflag="S" tcpsig="17520:64:1:44:M1460:."/>
                <test weight="5" matchtype="exact" tcpflag="S" tcpsig="16384:64:1:44:M1460:."/>
                <test weight="5" matchtype="exact" tcpflag="S" tcpsig="4096:60:0:60:W10,N,M265,T,E:."/>
                <test weight="5" matchtype="exact" tcpflag="S" tcpsig="2048:60:0:60:W10,N,M265,T,E:."/>
                <test weight="5" matchtype="exact" tcpflag="S" tcpsig="1024:60:0:60:W10,N,M265,T,E:."/>
            </tcp_tests>
        </fingerprint>
        <fingerprint name="FreeBSD 6.x" os_name="FreeBSD 6" os_class="FreeBSD" os_vendor="FreeBSD" os_url="http://www.freebsd.org" device_type="" device_vendor="" device_url="" comments="" author="xnih13@gmail.com" last_updated="2009-02-20">
            <tcp_tests>
                <test weight="5" matchtype="exact" tcpflag="S" tcpsig="65535:64:1:64:M1460,N,W1,N,N,T,S,E:."/>
            </tcp_tests>
        </fingerprint>
        <fingerprint name="FreeBSD 7.0" os_name="FreeBSD 7" os_class="FreeBSD" os_vendor="FreeBSD" os_url="http://www.freebsd.org" device_type="" device_vendor="" device_url="" comments="" author="xnih13@gmail.com" last_updated="2009-02-20">
            <tcp_tests>
                <test weight="5" matchtype="exact" tcpflag="S" tcpsig="65535:64:1:60:M1460,N,W3,S,T:."/>
            </tcp_tests>
        </fingerprint>
        <fingerprint name="FreeBSD 7.1" os_name="FreeBSD 7" os_class="FreeBSD" os_vendor="FreeBSD" os_url="http://www.freebsd.org" device_type="" device_vendor="" device_url="" comments="" author="xnih13@gmail.com" last_updated="2009-09-12">
            <tcp_tests>
                <test weight="5" matchtype="exact" tcpflag="S" tcpsig="65535:64:1:48:M1460,S,E:."/>
                <test weight="5" matchtype="exact" tcpflag="SA" tcpsig="65535:64:1:60:M1460,N,W3,S,T:AT"/>
                <test weight="5" matchtype="exact" tcpflag="SA" tcpsig="65535:64:1:48:M1460,S,E:A"/>
            </tcp_tests>
        </fingerprint>
        <fingerprint name="FreeBSD 7.2" os_name="FreeBSD 7" os_class="FreeBSD" os_vendor="FreeBSD" os_url="http://www.freebsd.org" device_type="" device_vendor="" device_url="" comments="" author="xnih13@gmail.com" last_updated="2009-09-20">
            <tcp_tests>
                <test weight="5" matchtype="exact" tcpflag="S" tcpsig="65535:64:1:60:M1460,N,W3,S,T:."/>
            </tcp_tests>
        </fingerprint>
        <fingerprint name="FreeNAS 0.7" os_name="FreeNAS" os_class="FreeBSD" os_vendor="FreeNAS" os_url="http://www.freenas.org/" device_type="" device_vendor="" device_url="" comments="FreeNAS 0.7RC1" author="xnih13@gmail.com" last_updated="2009-09-15">
            <tcp_tests>
                <test weight="5" matchtype="exact" tcpflag="SA" tcpsig="65535:64:1:64:M1460,N,W1,N,N,T,S,E:AT"/>
            </tcp_tests>
        </fingerprint>
        <fingerprint name="Hewlett-Packard JetDirect" os_name="" os_class="" os_vendor="" os_url="" device_type="Printer" device_vendor="Hewlett-Packard" device_url="http://www.hp.com" comments="LaserJet 4250" author="xnih13@gmail.com" last_updated="2009-10-14">
            <tcp_tests>
                <test weight="5" matchtype="exact" tcpflag="SA" tcpsig="8760:64:0:52:M1460,N,W0,N,N,S:A"/>
                <test weight="5" matchtype="exact" tcpflag="SA" tcpsig="5840:64:0:44:M1460:A"/>
                <test weight="5" matchtype="exact" tcpflag="SA" tcpsig="1460:64:0:44:M1460:A"/>
                <test weight="5" matchtype="exact" tcpflag="SA" tcpsig="1460:64:0:48:M1460,N,W0:A"/>
                <test weight="5" matchtype="exact" tcpflag="SA" tcpsig="5840:64:0:48:M1460,N,W0:A"/>
            </tcp_tests>
        </fingerprint>
        <fingerprint name="Iomega StoreCenter Pro ix4-200r" os_name="" os_class="" os_vendor="" os_url="" device_type="NAS" device_vendor="Iomega" device_url="http://iomega.com/nas/us-nas-comp.html" comments="" author="xnih13@gmail.com" last_updated="2010-05-10">
            <tcp_tests>
                <test weight="5" matchtype="exact" tcpflag="SA" tcpsig="5840:64:1:52:M1460,N,N,S,N,W5:ZA"/>
            </tcp_tests>
        </fingerprint>
        <fingerprint name="iOS 6.x" os_name="iOS" os_class="iOS" os_vendor="Apple, Inc." os_url="http://www.apple.com" device_type="Multimedia Device" device_vendor="Apple, Inc." device_url="http://www.apple.com/" comments="" author="xnih13@gmail.com" last_updated="2013-05-27">
            <tcp_tests>
                <test weight="5" matchtype="exact" tcpflag="A" tcpsig="32806:64:1:52:N,N,T:."/>
            </tcp_tests>
        </fingerprint>
        <fingerprint name="Linksys PAP2/PAP2T" os_name="" os_class="" os_vendor="" os_url="" device_type="VoIP Phone" device_vendor="Linksys" device_url="http://www.linksys.com" comments="" author="xnih13@gmail.com" last_updated="2010-11-13">
            <tcp_tests>
                <test weight="5" matchtype="exact" tcpflag="SA" tcpsig="16000:255:0:44:M1460:A"/>
            </tcp_tests>
        </fingerprint>
        <fingerprint name="Linksys WRT54G Series" os_name="" os_class="" os_vendor="" os_url="" device_type="Router" device_vendor="Linksys" device_url="http://www.linksys.com" comments="" author="Thierry@Zoller.lu" last_updated="2009-02-08">
            <tcp_tests>
                <test weight="5" matchtype="exact" tcpflag="SA" tcpsig="5840:64:1:52:M1460,N,N,S,N,W0:A"/>
            </tcp_tests>
        </fingerprint>
        <fingerprint name="Linux 2.2.x" os_name="Linux 2.2" os_class="Linux" os_vendor="" os_url="http://www.kernel.org" device_type="" device_vendor="" device_url="" comments="" author="xnih13@gmail.com" last_updated="2009-02-15">
            <tcp_tests>
                <test weight="5" matchtype="exact" tcpflag="SA" tcpsig="32696:64:1:44:M536:A"/>
                <test weight="5" matchtype="exact" tcpflag="SA" tcpsig="32595:64:1:60:M265,N,N,T,N,W0:AT"/>
                <test weight="5" matchtype="exact" tcpflag="SA" tcpsig="32568:64:1:44:M1416:A"/>
                <test weight="5" matchtype="exact" tcpflag="SA" tcpsig="32256:64:1:48:M512,N,W0:A"/>
                <test weight="5" matchtype="exact" tcpflag="SA" tcpsig="32120:64:1:48:M1460,N,N,S:A"/>
                <test weight="5" matchtype="exact" tcpflag="SA" tcpsig="32120:64:1:48:M1460,N,W0:A"/>
                <test weight="5" matchtype="exact" tcpflag="SA" tcpsig="32120:64:1:60:M1460,S,T,N,W0:AT"/>
                <test weight="5" matchtype="exact" tcpflag="SA" tcpsig="31500:64:1:48:M1260,N,N,S:A"/>
                <test weight="5" matchtype="exact" tcpflag="SA" tcpsig="16165:64:1:60:M265,N,N,T,N,W0:AT"/>
                <test weight="5" matchtype="exact" tcpflag="SA" tcpsig="16080:64:1:44:M536:A"/>
                <test weight="5" matchtype="exact" tcpflag="SA" tcpsig="16060:64:1:60:M1460,S,T,N,W0:AT"/>
                <test weight="5" matchtype="exact" tcpflag="SA" tcpsig="16060:64:1:60:M1460,N,N,T,N,W0:AT"/>
                <test weight="5" matchtype="exact" tcpflag="S" tcpsig="32767:64:1:60:M1460,S,T,N,W0:."/>
                <test weight="5" matchtype="exact" tcpflag="S" tcpsig="32120:64:1:60:M1460,S,T,N,W0:."/>
                <test weight="5" matchtype="exact" tcpflag="S" tcpsig="32120:64:1:60:M1460,S,T,N,W0:Z"/>
                <test weight="5" matchtype="exact" tcpflag="S" tcpsig="32120:64:1:52:M1460,N,N,S,N,W0:."/>
                <test weight="5" matchtype="exact" tcpflag="S" tcpsig="32120:60:1:60:M1460,S,T,N,W0:."/>
                <test weight="5" matchtype="exact" tcpflag="S" tcpsig="16060:64:1:60:M1460,S,T,N,W0:."/>
                <test weight="5" matchtype="exact" tcpflag="S" tcpsig="5840:64:1:60:M1460,S,T,N,W0:."/>
                <test weight="5" matchtype="exact" tcpflag="S" tcpsig="4096:60:0:60:W10,N,M265,T,E:."/>
                <test weight="5" matchtype="exact" tcpflag="S" tcpsig="3072:60:0:60:W10,N,M265,T,E:."/>
                <test weight="5" matchtype="exact" tcpflag="S" tcpsig="2048:60:0:60:W10,N,M265,T,E:."/>
                <test weight="5" matchtype="exact" tcpflag="S" tcpsig="1024:60:0:60:W10,N,M265,T,E:."/>
            </tcp_tests>
        </fingerprint>
        <fingerprint name="Linux 2.4.x" os_name="Linux 2.4" os_class="Linux" os_vendor="" os_url="http://www.kernel.org" device_type="" device_vendor="" device_url="" comments="" author="xnih13@gmail.com" last_updated="2009-02-15">
            <tcp_tests>
                <test weight="5" matchtype="exact" tcpflag="SA" tcpsig="31856:64:1:60:M1460,S,T,N,W0:ZAT"/>
                <test weight="5" matchtype="exact" tcpflag="SA" tcpsig="16060:64:1:60:M1460,S,T,N,W0:AT"/>
                <test weight="5" matchtype="exact" tcpflag="SA" tcpsig="5840:64:1:52:M1460,N,N,S,N,W0:ZA"/>
                <test weight="5" matchtype="exact" tcpflag="SA" tcpsig="5840:64:1:48:M1460,N,N,S:ZA"/>
                <test weight="5" matchtype="exact" tcpflag="SA" tcpsig="5840:64:1:44:M1460:ZA"/>
                <test weight="5" matchtype="exact" tcpflag="SA" tcpsig="5840:60:1:48:M1460,N,N,S:ZA"/>
                <test weight="5" matchtype="exact" tcpflag="SA" tcpsig="5840:60:1:48:M1380,N,N,S:ZA"/>
                <test weight="5" matchtype="exact" tcpflag="SA" tcpsig="5792:64:1:60:M1460,N,N,T,N,W0:ZAT"/>
                <test weight="5" matchtype="exact" tcpflag="SA" tcpsig="5792:64:1:60:M1460,S,T,N,W0:ZAT"/>
                <test weight="5" matchtype="exact" tcpflag="S" tcpsig="31856:64:1:60:M1460,S,T,N,W0:Z"/>
                <test weight="5" matchtype="exact" tcpflag="S" tcpsig="31856:64:1:60:M1460,S,T,N,W0:ZT"/>
                <test weight="5" matchtype="exact" tcpflag="S" tcpsig="16060:64:1:60:M1460,S,T,N,W0:."/>
                <test weight="5" matchtype="exact" tcpflag="S" tcpsig="5840:64:1:60:M1460,E:Z"/>
                <test weight="5" matchtype="exact" tcpflag="S" tcpsig="5840:64:1:52:M1460,N,N,S,N,W0:."/>
                <test weight="5" matchtype="exact" tcpflag="S" tcpsig="5840:64:1:60:M1460,S,T,N,W1:."/>
                <test weight="5" matchtype="exact" tcpflag="S" tcpsig="5840:64:1:60:M1460,S,T,N,W0:."/>
                <test weight="5" matchtype="exact" tcpflag="S" tcpsig="5840:64:1:60:M1460,S,T,N,W0:Z"/>
                <test weight="5" matchtype="exact" tcpflag="S" tcpsig="3072:60:0:60:W10,N,M265,T,E:."/>
                <test weight="5" matchtype="exact" tcpflag="S" tcpsig="1024:60:0:60:W10,N,M265,T,E:."/>
            </tcp_tests>
        </fingerprint>
        <fingerprint name="Linux 2.6.x" os_name="Linux 2.6" os_class="Linux" os_vendor="" os_url="http://www.kernel.org" device_type="" device_vendor="" device_url="" comments="" author="xnih13@gmail.com" last_updated="2010-11-13">
            <tcp_tests>
                <test weight="5" matchtype="exact" tcpflag="S" tcpsig="5840:32:1:60:M1460,S,T,N,W2:."/>
                <test weight="5" matchtype="exact" tcpflag="SA" tcpsig="5840:64:1:48:M1460,N,N,S:ZA"/>
                <test weight="5" matchtype="exact" tcpflag="S" tcpsig="5840:64:1:60:M1460,S,T,N,W0:."/>
                <test weight="5" matchtype="exact" tcpflag="S" tcpsig="5840:64:1:60:M1460,S,T,N,W1:."/>
                <test weight="5" matchtype="exact" tcpflag="S" tcpsig="5840:64:1:60:M1460,S,T,N,W2:."/>
                <test weight="5" matchtype="exact" tcpflag="S" tcpsig="5840:64:1:60:M1460,S,T,N,W3:."/>
                <test weight="5" matchtype="exact" tcpflag="S" tcpsig="5840:64:1:60:M1460,S,T,N,W4:."/>
                <test weight="5" matchtype="exact" tcpflag="S" tcpsig="5840:64:1:60:M1460,S,T,N,W5:."/>
                <test weight="5" matchtype="exact" tcpflag="S" tcpsig="5840:64:1:60:M1460,S,T,N,W7:."/>
                <test weight="5" matchtype="exact" tcpflag="SA" tcpsig="5840:64:1:52:M1460,N,N,S,N,W7:ZA"/>
                <test weight="5" matchtype="exact" tcpflag="S" tcpsig="5840:64:1:60:M1460,S,T,N,W6:."/>
            </tcp_tests>
        </fingerprint>
        <fingerprint name="Linux 3.5.x" os_name="Linux 3.5" os_class="Linux" os_vendor="" os_url="http://www.kernel.org" device_type="" device_vendor="" device_url="" comments="First fingerprint from Mint 14" author="xnih13@gmail.com" last_updated="2013-05-27">
            <tcp_tests>
                <test weight="5" matchtype="exact" tcpflag="SA" tcpsig="14480:64:1:60:M1460,S,T,N,W7:ZAT"/>
            </tcp_tests>
        </fingerprint>
        <fingerprint name="Mac OS 9.x" os_name="Mac OS 9.x" os_class="Mac OS" os_vendor="Apple, Inc." os_url="http://www.apple.com" device_type="" device_vendor="" device_url="" comments="" author="xnih13@gmail.com" last_updated="2009-02-15">
            <tcp_tests>
                <test weight="5" matchtype="exact" tcpflag="S" tcpsig="32768:255:1:48:M1460,W0,N:."/>
            </tcp_tests>
        </fingerprint>
        <fingerprint name="Mac OS X" os_name="Mac OS X" os_class="Mac OS" os_vendor="Apple, Inc." os_url="http://www.apple.com/macosx" device_type="" device_vendor="" device_url="" comments="" author="xnih13@gmail.com" last_updated="2009-02-08">
            <tcp_tests>
                <test weight="5" matchtype="exact" tcpflag="S" tcpsig="65535:64:1:60:M1460,N,W2,N,N,T:."/>
                <test weight="5" matchtype="exact" tcpflag="S" tcpsig="65535:64:1:60:M1460,N,W1,N,N,T:."/>
                <test weight="5" matchtype="exact" tcpflag="S" tcpsig="65535:64:1:60:M1460,N,W0,N,N,T:."/>
                <test weight="5" matchtype="exact" tcpflag="S" tcpsig="65535:64:1:60:M1452,N,W0,N,N,T:."/>
                <test weight="5" matchtype="exact" tcpflag="S" tcpsig="65535:64:1:44:M1460:."/>
                <test weight="5" matchtype="exact" tcpflag="S" tcpsig="32768:64:1:60:M1460,N,W0,N,N,T:."/>
                <test weight="5" matchtype="exact" tcpflag="S" tcpsig="32768:64:1:44:M1460:."/>
                <test weight="5" matchtype="exact" tcpflag="S" tcpsig="10000:64:1:60:M1460,N,W0,N,N,T:."/>
            </tcp_tests>
        </fingerprint>
        <fingerprint name="Mac OS X 10.5" os_name="Mac OS X 10.5" os_class="Mac OS" os_vendor="Apple, Inc." os_url="http://www.apple.com/macosx" device_type="" device_vendor="" device_url="" comments="" author="xnih13@gmail.com" last_updated="2010-05-14">
            <tcp_tests>
                <test weight="5" matchtype="exact" tcpflag="S" tcpsig="65535:64:1:64:M1460,N,W1,N,N,T,S,E:."/>
                <test weight="5" matchtype="exact" tcpflag="S" tcpsig="65535:64:1:64:M1460,N,W3,N,N,T,S,E:."/>
            </tcp_tests>
        </fingerprint>
        <fingerprint name="Minolta Printer" os_name="" os_class="" os_vendor="" os_url="" device_type="Printer" device_vendor="Minolta" device_url="http://www.konicaminolta.com" comments="" author="Thierry@Zoller.lu" last_updated="2008-10-20">
            <tcp_tests>
                <test weight="5" matchtype="exact" tcpflag="SA" tcpsig="16384:64:1:48:M1460,N,W0:A"/>
            </tcp_tests>
        </fingerprint>
        <fingerprint name="NETGEAR FVS114" os_name="" os_class="" os_vendor="" os_url="" device_type="Router" device_vendor="NETGEAR" device_url="http://www.netgear.com" comments="" author="xnih13@gmail.com" last_updated="2008-10-20">
            <tcp_tests>
                <test weight="5" matchtype="exact" tcpflag="SA" tcpsig="3072:64:0:44:M1240:A"/>
            </tcp_tests>
        </fingerprint>
        <fingerprint name="NETGEAR WGR614v6" os_name="" os_class="" os_vendor="" os_url="" device_type="Router" device_vendor="NETGEAR" device_url="http://www.netgear.com" comments="" author="xnih13@gmail.com" last_updated="2010-02-08">
            <tcp_tests>
                <test weight="5" matchtype="exact" tcpflag="SA" tcpsig="8192:64:0:44:M1460:A"/>
                <test weight="5" matchtype="exact" tcpflag="S" tcpsig="8192:64:0:60:M1460,N,W0,N,N,T:."/>
                <test weight="5" matchtype="exact" tcpflag="SA" tcpsig="8192:64:0:60:M1460,N,W0,N,N,T:AT"/>
            </tcp_tests>
        </fingerprint>
        <fingerprint name="NETGEAR WNR3500L" os_name="" os_class="" os_vendor="" os_url="" device_type="Wireless Access Point" device_vendor="NETGEAR" device_url="http://www.netgear.com/products/service-providers/routers-and-gateways/gigabit-ethernet-routers-gateways/WNR3500L.aspx" comments="" author="xnih13@gmail.com" last_updated="2010-11-13">
            <tcp_tests>
                <test weight="5" matchtype="exact" tcpflag="SA" tcpsig="5840:64:1:48:M1460,N,N,S:ZA"/>
            </tcp_tests>
        </fingerprint>
        <fingerprint name="NetWare" os_name="NetWare" os_class="NetWare" os_vendor="Novell" os_url="http://www.novell.com" device_type="" device_vendor="" device_url="" comments="" author="xnih13@gmail.com" last_updated="2008-10-20">
            <tcp_tests>
                <test weight="5" matchtype="exact" tcpflag="SA" tcpsig="6144:128:1:48:M1460,S,N,N:A"/>
                <test weight="5" matchtype="exact" tcpflag="SA" tcpsig="6143:128:1:48:M1460,S,N,N:A"/>
                <test weight="5" matchtype="exact" tcpflag="SA" tcpsig="1260:128:1:48:M1260,S,N,N:A"/>
                <test weight="5" matchtype="exact" tcpflag="SA" tcpsig="6143:128:1:48:M1460,W0,N:A"/>
                <test weight="5" matchtype="exact" tcpflag="SA" tcpsig="6143:128:1:44:M1460:A"/>
                <test weight="5" matchtype="partial" tcpflag="S" tcpsig="6144:128:1:52:M1460,W*,N,S,N,N:."/>
                <test weight="5" matchtype="partial" tcpflag="S" tcpsig="6143:128:1:52:M1460,W*,N,S,N,N:."/>
                <test weight="5" matchtype="exact" tcpflag="S" tcpsig="6144:128:1:48:M1460,W0,N:."/>
            </tcp_tests>
        </fingerprint>
        <fingerprint name="NetWare 6.5" os_name="NetWare 6.5" os_class="NetWare" os_vendor="Novell" os_url="http://www.novell.com" device_type="" device_vendor="" device_url="" comments="" author="xnih13@gmail.com" last_updated="2008-10-20">
            <tcp_tests>
                <test weight="5" matchtype="exact" tcpflag="SA" tcpsig="6144:128:1:48:M1460,S,N,N:A"/>
            </tcp_tests>
        </fingerprint>
        <fingerprint name="OpenBSD 2.6-2.9" os_name="OpenBSD 2" os_class="OpenBSD" os_vendor="OpenBSD" os_url="http://www.openbsd.org" device_type="" device_vendor="" device_url="" comments="" author="xnih13@gmail.com" last_updated="2009-03-03">
            <tcp_tests>
                <test weight="5" matchtype="exact" tcpflag="SA" tcpsig="17520:64:0:44:M1460:A"/>
                <test weight="5" matchtype="partial" tcpflag="SA" tcpsig="17376:64:*:64:M1460,N,N,S,N,W0,N,N,T:AT"/>
                <test weight="5" matchtype="exact" tcpflag="SA" tcpsig="17232:64:0:48:M1460,N,N,S:A"/>
                <test weight="5" matchtype="exact" tcpflag="SA" tcpsig="16445:64:0:60:M1460,N,W0,N,N,T:AT"/>
                <test weight="5" matchtype="exact" tcpflag="SA" tcpsig="16384:64:0:44:M1460:A"/>
                <test weight="5" matchtype="exact" tcpflag="S" tcpsig="17520:64:0:64:M1460,N,N,S,N,W0,N,N,T:."/>
                <test weight="5" matchtype="exact" tcpflag="S" tcpsig="17376:64:0:64:M1448,N,N,S,N,W0,N,N,T:."/>
                <test weight="5" matchtype="partial" tcpflag="S" tcpsig="16384:64:*:64:M1460,N,N,S,N,W0,N,N,T:."/>
                <test weight="5" matchtype="exact" tcpflag="S" tcpsig="16384:64:0:64:M512,N,N,S,N,W0,N,N,T:."/>
                <test weight="5" matchtype="exact" tcpflag="S" tcpsig="4096:60:0:60:W10,N,M265,T,E:."/>
                <test weight="5" matchtype="exact" tcpflag="S" tcpsig="3072:60:0:60:W10,N,M265,T,E:."/>
                <test weight="5" matchtype="exact" tcpflag="S" tcpsig="2048:60:0:60:W10,N,M265,T,E:."/>
                <test weight="5" matchtype="exact" tcpflag="S" tcpsig="1024:60:0:60:W10,N,M265,T,E:."/>
            </tcp_tests>
        </fingerprint>
        <fingerprint name="OpenBSD 3.8" os_name="OpenBSD 3.8" os_class="OpenBSD" os_vendor="OpenBSD" os_url="http://www.openbsd.org" device_type="" device_vendor="" device_url="" comments="" author="xnih13@gmail.com" last_updated="2009-03-03">
            <tcp_tests>
                <test weight="5" matchtype="exact" tcpflag="SA" tcpsig="16384:64:1:48:M1460,N,N,S:A"/>
            </tcp_tests>
        </fingerprint>
        <fingerprint name="OpenBSD 4.x" os_name="OpenBSD 4.x" os_class="OpenBSD" os_vendor="OpenBSD" os_url="http://www.openbsd.org" device_type="" device_vendor="" device_url="" comments="" author="xnih13@gmail.com" last_updated="2009-09-20">
            <tcp_tests>
                <test weight="5" matchtype="exact" tcpflag="S" tcpsig="16384:64:1:64:M1460,N,N,S,N,W0,N,N,T:."/>
            </tcp_tests>
        </fingerprint>
        <fingerprint name="PC-BSD 1.2-1.5" os_name="FreeBSD 6.1-6.3" os_class="FreeBSD" os_vendor="PC-BSD" os_url="http://www.pcbsd.org" device_type="" device_vendor="" device_url="" comments="" author="xnih13@gmail.com" last_updated="2009-02-19">
            <tcp_tests>
                <test weight="5" matchtype="exact" tcpflag="SA" tcpsig="65535:64:1:48:M1460,S,E:A"/>
                <test weight="5" matchtype="exact" tcpflag="S" tcpsig="65535:64:1:64:M1460,N,W1,N,N,T,S,E:."/>
            </tcp_tests>
        </fingerprint>
        <fingerprint name="PC-BSD 7.x" os_name="FreeBSD 7" os_class="Unix" os_vendor="PC-BSD" os_url="http://www.pcbsd.org" device_type="" device_vendor="" device_url="" comments="" author="xnih13@gmail.com" last_updated="2008-10-20">
            <tcp_tests>
                <test weight="5" matchtype="exact" tcpflag="S" tcpsig="49152:64:1:60:M1460,N,W3,S,T:."/>
                <test weight="5" matchtype="exact" tcpflag="S" tcpsig="65535:64:1:60:M1460,N,W3,S,T:."/>
                <test weight="5" matchtype="exact" tcpflag="SA" tcpsig="65535:64:1:48:M1260,S,E:A"/>
            </tcp_tests>
        </fingerprint>
        <fingerprint name="PCLinuxOS" os_name="PCLinuxOS" os_class="Linux" os_vendor="PCLinux" os_url="http://www.pclinuxos.com" device_type="" device_vendor="" device_url="" comments="S from 2007" author="xnih13@gmail.com" last_updated="2008-10-20">
            <tcp_tests>
                <test weight="5" matchtype="exact" tcpflag="SA" tcpsig="5840:64:1:48:M1460,N,N,S:ZA"/>
                <test weight="5" matchtype="exact" tcpflag="S" tcpsig="5840:64:1:56:M1460,S,T:."/>
            </tcp_tests>
        </fingerprint>
        <fingerprint name="Red Hat Enterprise Linux 3.0" os_name="Red Hat Enterprise Linux 3.0" os_class="Linux" os_vendor="Red Hat" os_url="http://www.redhat.com" device_type="" device_vendor="" device_url="" comments="" author="xnih13@gmail.com" last_updated="2009-02-08">
            <tcp_tests>
                <test weight="5" matchtype="exact" tcpflag="SA" tcpsig="5840:64:1:48:M1460,N,N,S:A"/>
                <test weight="5" matchtype="exact" tcpflag="S" tcpsig="5840:64:1:60:M1460,S,T,N,W0:."/>
            </tcp_tests>
        </fingerprint>
        <fingerprint name="Redhat 5" os_name="Redhat 5" os_class="Linux" os_vendor="Red Hat" os_url="http://www.redhat.com" device_type="" device_vendor="" device_url="" comments="" author="xnih13@gmail.com" last_updated="2011-04-01">
            <tcp_tests>
                <test weight="5" matchtype="exact" tcpflag="SA" tcpsig="5840:64:1:52:M1380,N,N,S,N,W7:ZA"/>
            </tcp_tests>
        </fingerprint>
        <fingerprint name="Ricoh Printer" os_name="" os_class="" os_vendor="" os_url="" device_type="Printer" device_vendor="Ricoh Co., Ltd." device_url="http://www.ricoh.com" comments="" author="xnih13@gmail.com" last_updated="2009-02-16">
            <tcp_tests>
                <test weight="5" matchtype="exact" tcpflag="SA" tcpsig="16384:255:0:48:M1460,N,W0:A"/>
            </tcp_tests>
        </fingerprint>
        <fingerprint name="Roku 3" os_name="" os_class="" os_vendor="" os_url="" device_type="" device_vendor="Roku" device_url="http://www.roku.com/" comments="" author="xnih13@gmail.com" last_updated="2013-05-27">
            <tcp_tests>
                <test weight="5" matchtype="exact" tcpflag="A" tcpsig="468:64:1:52:N,N,T:."/>
            </tcp_tests>
        </fingerprint>
        <fingerprint name="Sipura SPA 941" os_name="" os_class="" os_vendor="" os_url="" device_type="VoIP Phone" device_vendor="Sipura Technology" device_url="http://www.sipura.net" comments="VoIP Phones/Adapters" author="xnih13@gmail.com" last_updated="2009-10-14">
            <tcp_tests>
                <test weight="5" matchtype="exact" tcpflag="SA" tcpsig="16000:255:0:44:M1456:A"/>
            </tcp_tests>
        </fingerprint>
        <fingerprint name="Solaris" os_name="Solaris" os_class="Unix" os_vendor="Sun Microsystems, Inc." os_url="http://www.sun.com/software/solaris" device_type="" device_vendor="" device_url="" comments="" author="xnih13@gmail.com" last_updated="2008-10-20">
            <tcp_tests>
                <test weight="5" matchtype="exact" tcpflag="SA" tcpsig="9660:255:1:48:N,N,S,M1380:A"/>
            </tcp_tests>
        </fingerprint>
        <fingerprint name="SunOS 5.6" os_name="Sun 5.6" os_class="Unix" os_vendor="Sun Microsystems, Inc." os_url="http://www.sun.com" device_type="" device_vendor="" device_url="" comments="" author="xnih13@gmail.com" last_updated="2009-02-15">
            <tcp_tests>
                <test weight="5" matchtype="exact" tcpflag="S" tcpsig="24820:64:1:48:N,N,S,M1460:."/>
                <test weight="5" matchtype="exact" tcpflag="S" tcpsig="8760:255:1:44:M1460:."/>
            </tcp_tests>
        </fingerprint>
        <fingerprint name="SunRocket Gizmo" os_name="" os_class="" os_vendor="" os_url="" device_type="VoIP Gateway" device_vendor="InnoMedia, Inc." device_url="http://www.innomedia.com" comments="MTA 6328-2Re" author="xnih13@gmail.com" last_updated="2008-10-20">
            <tcp_tests>
                <test weight="5" matchtype="exact" tcpflag="SA" tcpsig="16000:64:0:44:M1452:A"/>
            </tcp_tests>
        </fingerprint>
        <fingerprint name="Wii" os_name="" os_class="" os_vendor="" os_url="" device_type="Game Console" device_vendor="Nintendo Co., Ltd." device_url="http://www.nintendo.com/wii" comments="" author="xnih13@gmail.com" last_updated="2010-07-11">
            <tcp_tests>
                <test weight="5" matchtype="exact" tcpflag="S" tcpsig="8192:64:1:48:M1460,N,N,S:."/>
            </tcp_tests>
        </fingerprint>
        <fingerprint name="Windows 2000" os_name="Windows 2000" os_class="Windows" os_vendor="Microsoft Corp." os_url="http://www.microsoft.com" device_type="" device_vendor="" device_url="" comments="" author="xnih13@gmail.com" last_updated="2008-10-20">
            <tcp_tests>
                <test weight="5" matchtype="exact" tcpflag="SA" tcpsig="65535:128:1:44:M1460:A"/>
                <test weight="5" matchtype="exact" tcpflag="SA" tcpsig="64240:128:1:48:M1460,N,N,S:A"/>
                <test weight="5" matchtype="exact" tcpflag="SA" tcpsig="17640:128:1:48:M1460,N,N,S:A"/>
                <test weight="5" matchtype="partial" tcpflag="SA" tcpsig="17520:128:*:48:M1460,N,N,S:A"/>
                <test weight="5" matchtype="exact" tcpflag="SA" tcpsig="17520:128:1:64:M1460,N,W0,N,N,T0,N,N,S:AT"/>
                <test weight="5" matchtype="exact" tcpflag="SA" tcpsig="17520:128:1:44:M1460:A"/>
                <test weight="5" matchtype="exact" tcpflag="S" tcpsig="65535:128:1:48:M1460,N,N,S:."/>
                <test weight="5" matchtype="partial" tcpflag="S" tcpsig="64240:128:*:48:M1460,N,N,S:."/>
                <test weight="5" matchtype="partial" tcpflag="S" tcpsig="16384:128:*:48:M1460,N,N,S:."/>
            </tcp_tests>
        </fingerprint>
        <fingerprint name="Windows 7" os_name="Windows 7" os_class="Windows" os_vendor="Microsoft Corp." os_url="http://www.microsoft.com/windows/windows-7/default.aspx" device_type="" device_vendor="" device_url="" comments="" author="xnih13@gmail.com" last_updated="2010-11-10">
            <tcp_tests>
                <test weight="5" matchtype="exact" tcpflag="S" tcpsig="8192:128:1:52:M1460,N,W8,N,N,S:."/>
                <test weight="5" matchtype="exact" tcpflag="S" tcpsig="8192:128:1:52:M1460,N,W2,N,N,S:."/>
                <test weight="5" matchtype="exact" tcpflag="S" tcpsig="8192:128:1:48:M1460,N,N,S:."/>
                <test weight="5" matchtype="exact" tcpflag="S" tcpsig="8192:128:1:52:M1460,N,W2,N,N,S:Z"/>
                <test weight="5" matchtype="exact" tcpflag="SA" tcpsig="8192:128:1:52:M1460,N,W8,N,N,S:A"/>
                <test weight="5" matchtype="exact" tcpflag="SA" tcpsig="8192:128:1:48:M1460,N,N,S:A"/>
                <test weight="5" matchtype="exact" tcpflag="S" tcpsig="8192:128:1:48:M1460,N,N,S:Z"/>
                <test weight="5" matchtype="exact" tcpflag="S" tcpsig="65535:128:1:52:M1460,N,W1,N,N,S:."/>
                <test weight="5" matchtype="exact" tcpflag="S" tcpsig="65535:128:1:48:M1460,N,N,S:."/>
                <test weight="5" matchtype="exact" tcpflag="SA" tcpsig="65535:128:1:52:M1460,N,W1,N,N,S:A"/>
            </tcp_tests>
        </fingerprint>
        <fingerprint name="Windows 8" os_name="Windows 8" os_class="Windows" os_vendor="Microsoft Corp." os_url="http://windows.microsoft.com/en-US/windows-8/meet" device_type="" device_vendor="" device_url="" comments="" author="xnih13@gmail.com" last_updated="2013-05-27">
            <tcp_tests>
                <test weight="5" matchtype="exact" tcpflag="S" tcpsig="8192:128:1:52:M1380,N,W2,N,N,S:."/>
            </tcp_tests>
        </fingerprint>
        <fingerprint name="Windows 95" os_name="Windows 95" os_class="Windows" os_vendor="Microsoft Corp." os_url="http://www.microsoft.com" device_type="" device_vendor="" device_url="" comments="" author="xnih13@gmail.com" last_updated="2008-10-20">
            <tcp_tests>
                <test weight="5" matchtype="exact" tcpflag="SA" tcpsig="8820:32:1:44:M1460:A"/>
                <test weight="5" matchtype="exact" tcpflag="S" tcpsig="8192:32:1:44:M1460:."/>
            </tcp_tests>
        </fingerprint>
        <fingerprint name="Windows 98" os_name="Windows 98" os_class="Windows" os_vendor="Microsoft Corp." os_url="http://www.microsoft.com" device_type="" device_vendor="" device_url="" comments="" author="xnih13@gmail.com" last_updated="2008-10-20">
            <tcp_tests>
                <test weight="5" matchtype="exact" tcpflag="SA" tcpsig="17520:128:1:52:M1460,N,W0,N,N,S:A"/>
                <test weight="5" matchtype="exact" tcpflag="SA" tcpsig="8820:128:1:48:M1460,N,N,S:A"/>
                <test weight="5" matchtype="exact" tcpflag="SA" tcpsig="8760:128:1:44:M1460:A"/>
                <test weight="5" matchtype="exact" tcpflag="SA" tcpsig="8760:128:1:48:M1460,N,N,S:A"/>
                <test weight="5" matchtype="exact" tcpflag="SA" tcpsig="8576:128:1:44:M1460:A"/>
                <test weight="5" matchtype="exact" tcpflag="SA" tcpsig="8215:128:1:44:M1460:A"/>
                <test weight="5" matchtype="exact" tcpflag="S" tcpsig="8192:128:1:44:M1460:."/>
                <test weight="5" matchtype="exact" tcpflag="S" tcpsig="8192:128:1:48:M1460,N,N,S:."/>
                <test weight="5" matchtype="exact" tcpflag="S" tcpsig="8192:128:1:48:M1460,N,N,S:Z"/>
            </tcp_tests>
        </fingerprint>
        <fingerprint name="Windows CE" os_name="Windows CE" os_class="Windows" os_vendor="Microsoft Corp." os_url="http://www.microsoft.com" device_type="" device_vendor="" device_url="" comments="" author="xnih13@gmail.com" last_updated="2009-02-15">
            <tcp_tests>
                <test weight="5" matchtype="exact" tcpflag="S" tcpsig="32768:32:1:44:M1460:."/>
            </tcp_tests>
        </fingerprint>
        <fingerprint name="Windows ME" os_name="Windows ME" os_class="Windows" os_vendor="Microsoft Corp." os_url="http://www.microsoft.com" device_type="" device_vendor="" device_url="" comments="" author="xnih13@gmail.com" last_updated="2008-10-20">
            <tcp_tests>
                <test weight="5" matchtype="exact" tcpflag="SA" tcpsig="17640:128:1:48:M1460,N,N,S:A"/>
                <test weight="5" matchtype="exact" tcpflag="S" tcpsig="16384:128:1:48:M1460,N,N,S:."/>
            </tcp_tests>
        </fingerprint>
        <fingerprint name="Windows NT 4" os_name="Windows NT 4" os_class="Windows" os_vendor="Microsoft Corp." os_url="http://www.microsoft.com" device_type="" device_vendor="" device_url="" comments="" author="xnih13@gmail.com" last_updated="2008-10-20">
            <tcp_tests>
                <test weight="5" matchtype="exact" tcpflag="SA" tcpsig="8760:128:1:44:M1460:A"/>
                <test weight="5" matchtype="exact" tcpflag="SA" tcpsig="8820:128:1:44:M1460:A"/>
                <test weight="5" matchtype="exact" tcpflag="SA" tcpsig="8576:128:1:44:M1460:A"/>
                <test weight="5" matchtype="exact" tcpflag="SA" tcpsig="8215:128:1:44:M1460:A"/>
                <test weight="5" matchtype="exact" tcpflag="S" tcpsig="8192:128:1:44:M1460:."/>
            </tcp_tests>
        </fingerprint>
        <fingerprint name="Windows Server 2003" os_name="Windows Server 2003" os_class="Windows" os_vendor="Microsoft Corp." os_url="http://www.microsoft.com/windowsserver2003" device_type="" device_vendor="" device_url="" comments="" author="xnih13@gmail.com" last_updated="2008-10-20">
            <tcp_tests>
                <test weight="5" matchtype="exact" tcpflag="SA" tcpsig="65535:128:1:48:M1460,N,N,S:A"/>
                <test weight="5" matchtype="exact" tcpflag="SA" tcpsig="64240:128:0:52:M1460,N,W0,N,N,S:A"/>
                <test weight="5" matchtype="exact" tcpflag="SA" tcpsig="64240:128:0:48:M1460,N,N,S:A"/>
                <test weight="5" matchtype="exact" tcpflag="SA" tcpsig="64240:128:0:64:M1460,N,W0,N,N,T0,N,N,S:AT"/>
                <test weight="5" matchtype="exact" tcpflag="SA" tcpsig="64240:128:0:44:M1380:A"/>
                <test weight="5" matchtype="exact" tcpflag="SA" tcpsig="17520:128:1:48:M1460,N,N,S:A"/>
                <test weight="5" matchtype="exact" tcpflag="SA" tcpsig="16384:128:1:48:M1460,N,N,S:A"/>
                <test weight="5" matchtype="exact" tcpflag="SA" tcpsig="16384:128:0:48:M1460,N,N,S:A"/>
                <test weight="5" matchtype="exact" tcpflag="SA" tcpsig="16384:128:0:52:M1460,N,W0,N,N,S:A"/>
                <test weight="5" matchtype="partial" tcpflag="S" tcpsig="65535:128:*:48:M1460,N,N,S:."/>
                <test weight="5" matchtype="partial" tcpflag="S" tcpsig="64240:128:*:48:M1460,N,N,S:."/>
                <test weight="5" matchtype="exact" tcpflag="S" tcpsig="16384:128:1:48:M1460,N,N,S:."/>
            </tcp_tests>
        </fingerprint>
        <fingerprint name="Windows Server 2008" os_name="Windows Server 2008" os_class="Windows" os_vendor="Microsoft Corp." os_url="http://www.microsoft.com/windowsserver2008" device_type="" device_vendor="" device_url="" comments="" author="xnih13@gmail.com" last_updated="2011-04-01">
            <tcp_tests>
                <test weight="5" matchtype="exact" tcpflag="SA" tcpsig="8192:128:1:48:M1460,N,N,S:A"/>
                <test weight="5" matchtype="exact" tcpflag="SA" tcpsig="8192:128:1:52:M1260,N,W8,N,N,S:A"/>
                <test weight="5" matchtype="exact" tcpflag="S" tcpsig="8192:128:1:52:M1260,N,W8,N,N,S:."/>
                <test weight="5" matchtype="exact" tcpflag="SA" tcpsig="8192:128:1:52:M1460,N,W8,N,N,S:A"/>
                <test weight="5" matchtype="exact" tcpflag="SA" tcpsig="8192:128:1:48:N,W8,N,N,S:A"/>
            </tcp_tests>
        </fingerprint>
        <fingerprint name="Windows Server 2008 R2" os_name="Windows Server 2008 R2" os_class="Windows" os_vendor="Microsoft Corp." os_url="http://www.microsoft.com/windowsserver2008r2" device_type="" device_vendor="" device_url="" comments="" author="xnih13@gmail.com" last_updated="2012-01-09">
            <tcp_tests>
                <test weight="5" matchtype="exact" tcpflag="SA" tcpsig="8192:128:1:48:M1460,N,N,S:A"/>
                <test weight="5" matchtype="exact" tcpflag="SA" tcpsig="8192:128:1:44:N,N,S:A"/>
                <test weight="5" matchtype="exact" tcpflag="SA" tcpsig="8192:128:1:48:N,W8,N,N,S:A"/>
                <test weight="5" matchtype="exact" tcpflag="SA" tcpsig="8192:128:1:52:M1380,N,W8,N,N,S:A"/>
            </tcp_tests>
        </fingerprint>
        <fingerprint name="Windows Vista" os_name="Windows Vista" os_class="Windows" os_vendor="Microsoft Corp." os_url="http://www.microsoft.com/windows/windows-vista" device_type="" device_vendor="" device_url="" comments="" author="xnih13@gmail.com" last_updated="2009-09-15">
            <tcp_tests>
                <test weight="5" matchtype="exact" tcpflag="S" tcpsig="65535:128:1:48:M1460,N,N,S:."/>
                <test weight="5" matchtype="exact" tcpflag="S" tcpsig="8192:128:1:52:M1460,N,W2,N,N,S:Z"/>
                <test weight="5" matchtype="exact" tcpflag="S" tcpsig="8192:128:1:52:M1460,N,W2,N,N,S:."/>
                <test weight="5" matchtype="exact" tcpflag="S" tcpsig="8192:128:1:48:M1460,N,N,S:."/>
                <test weight="5" matchtype="exact" tcpflag="S" tcpsig="8192:128:1:52:M1260,N,W8,N,N,S:."/>
                <test weight="5" matchtype="exact" tcpflag="SA" tcpsig="8192:128:1:48:M1460,N,N,S:A"/>
                <test weight="5" matchtype="exact" tcpflag="SA" tcpsig="8192:128:1:48:M1260,N,N,S:A"/>
                <test weight="5" matchtype="exact" tcpflag="SA" tcpsig="8192:128:1:52:M1260,N,W8,N,N,S:A"/>
            </tcp_tests>
        </fingerprint>
        <fingerprint name="Windows XP" os_name="Windows XP" os_class="Windows" os_vendor="Microsoft Corp." os_url="http://www.microsoft.com/windows/windows-xp" device_type="" device_vendor="" device_url="" comments="" author="xnih13@gmail.com" last_updated="2010-11-13">
            <tcp_tests>
                <test weight="5" matchtype="exact" tcpflag="SA" tcpsig="65535:128:1:64:M1260,N,W0,N,N,T0,N,N,S:AT"/>
                <test weight="5" matchtype="exact" tcpflag="SA" tcpsig="65535:128:1:64:M1460,N,W0,N,N,T0,N,N,S:AT"/>
                <test weight="5" matchtype="exact" tcpflag="SA" tcpsig="65535:128:1:48:M1460,N,N,S:A"/>
                <test weight="5" matchtype="exact" tcpflag="SA" tcpsig="65535:128:1:48:M1260,N,N,S:A"/>
                <test weight="5" matchtype="exact" tcpflag="SA" tcpsig="64240:128:1:48:M1460,N,N,S:A"/>
                <test weight="5" matchtype="exact" tcpflag="SA" tcpsig="17520:128:1:48:M1460,N,N,S:A"/>
                <test weight="5" matchtype="exact" tcpflag="SA" tcpsig="17640:128:1:48:M1460,N,N,S:A"/>
                <test weight="5" matchtype="exact" tcpflag="SA" tcpsig="65535:128:1:44:M1260:A"/>
                <test weight="5" matchtype="exact" tcpflag="S" tcpsig="65535:128:1:52:M1260,N,W1,N,N,S:."/>
                <test weight="5" matchtype="exact" tcpflag="S" tcpsig="65535:128:1:52:M1460,N,W1,N,N,S:."/>
                <test weight="5" matchtype="exact" tcpflag="S" tcpsig="65535:128:1:48:M1460,N,N,S:."/>
                <test weight="5" matchtype="exact" tcpflag="S" tcpsig="65535:128:1:48:M1260,N,N,S:."/>
                <test weight="5" matchtype="exact" tcpflag="S" tcpsig="64512:128:1:48:M1460,N,N,S:."/>
                <test weight="5" matchtype="exact" tcpflag="S" tcpsig="64240:128:1:48:M1460,N,N,S:."/>
                <test weight="5" matchtype="exact" tcpflag="S" tcpsig="16384:128:1:48:M1460,N,N,S:."/>
                <test weight="5" matchtype="exact" tcpflag="S" tcpsig="64240:128:1:48:M1260,N,N,S:."/>
                <test weight="5" matchtype="exact" tcpflag="SA" tcpsig="64240:128:1:64:M1260,N,W0,N,N,T0,N,N,S:AT"/>
                <test weight="5" matchtype="exact" tcpflag="S" tcpsig="16384:128:1:48:M1260,N,N,S:."/>
                <test weight="5" matchtype="exact" tcpflag="SA" tcpsig="65535:128:1:52:M1260,N,W0,N,N,S:A"/>
            </tcp_tests>
        </fingerprint>
        <fingerprint name="Windows XP SP3" os_name="Windows XP" os_class="Windows" os_vendor="Microsoft Corp." os_url="http://www.microsoft.com/windows/windows-xp" device_type="" device_vendor="" device_url="" comments="" author="xnih13@gmail.com" last_updated="2010-02-08">
            <tcp_tests>
                <test weight="5" matchtype="exact" tcpflag="SA" tcpsig="64240:128:1:48:M1260,N,N,S:A"/>
                <test weight="5" matchtype="exact" tcpflag="SA" tcpsig="64240:128:1:52:M1260,N,W0,N,N,S:A"/>
                <test weight="5" matchtype="exact" tcpflag="SA" tcpsig="65535:128:1:60:M1460,N,W0,N,N,T0:AT"/>
                <test weight="5" matchtype="exact" tcpflag="SA" tcpsig="65535:128:1:60:M1460,N,N,T0,N,N,S:AT"/>
                <test weight="5" matchtype="exact" tcpflag="SA" tcpsig="65535:128:1:52:M1460,N,W0,N,N,S:A"/>
                <test weight="5" matchtype="exact" tcpflag="A" tcpsig="32374:128:1:52:N,N,K:."/>
                <test weight="5" matchtype="exact" tcpflag="A" tcpsig="32367:128:1:52:N,N,K:."/>
            </tcp_tests>
        </fingerprint>
        <fingerprint name="Xbox 360" os_name="" os_class="" os_vendor="" os_url="" device_type="Game Console" device_vendor="Microsoft Corp." device_url="http://www.xbox.com" comments="" author="xnih13@gmail.com" last_updated="2013-05-27">
            <tcp_tests>
                <test weight="5" matchtype="exact" tcpflag="A" tcpsig="8445:64:1:52:N,N,T:."/>
            </tcp_tests>
        </fingerprint>
    </fingerprints>
</TCP>
